Município;2017;2018;2019;2020;2021
350010 ADAMANTINA;35139;35023;35068;35111;35153
350020 ADOLFO;3609;3571;3562;3554;3545
350030 AGUAI;35508;35954;36305;36648;36981
350040 AGUAS DA PRATA;8104;8137;8180;8221;8262
350050 AGUAS DE LINDOIA;18509;18599;18705;18808;18908
350055 AGUAS DE SANTA BARBARA;6009;6040;6075;6109;6142
350060 AGUAS DE SAO PEDRO;3268;3380;3451;3521;3588
350070 AGUDOS;36880;37023;37214;37401;37582
350075 ALAMBARI;5754;5918;6025;6129;6231
350080 ALFREDO MARCONDES;4135;4147;4166;4184;4201
350090 ALTAIR;4109;4134;4160;4186;4211
350100 ALTINOPOLIS;16219;16164;16184;16203;16221
350110 ALTO ALEGRE;4154;4110;4099;4088;4078
350115 ALUMINIO;18324;18484;18628;18767;18903
350120 ALVARES FLORENCE;3795;3712;3679;3647;3616
350130 ALVARES MACHADO;24813;24830;24915;24998;25078
350140 ALVARO DE CARVALHO;5119;5179;5227;5274;5320
350150 ALVINLANDIA;3196;3206;3222;3237;3251
350160 AMERICANA;233868;237112;239597;242018;244370
350170 AMERICO BRASILIENSE;39189;39962;40504;41032;41545
350180 AMERICO DE CAMPOS;5967;5956;5969;5981;5993
350190 AMPARO;71193;71700;72195;72677;73145
350200 ANALANDIA;4845;4933;4995;5056;5115
350210 ANDRADINA;57350;57112;57157;57202;57245
350220 ANGATUBA;24634;24969;25228;25479;25724
350230 ANHEMBI;6484;6627;6724;6819;6911
350240 ANHUMAS;4053;4085;4115;4144;4172
350250 APARECIDA;36279;36129;36157;36185;36211
350260 APARECIDA D'OESTE;4329;4234;4196;4158;4122
350270 APIAI;24945;24526;24374;24226;24081
350275 ARACARIGUAMA;21038;21854;22364;22860;23343
350280 ARACATUBA;194874;195874;197016;198129;199210
350290 ARACOIABA DA SERRA;32495;33499;34146;34776;35389
350300 ARAMINA;5552;5585;5620;5655;5689
350310 ARANDU;6368;6348;6357;6365;6373
350315 ARAPEI;2509;2478;2469;2460;2452
350320 ARARAQUARA;230770;233744;236072;238339;240542
350330 ARARAS;131282;132934;134236;135506;136739
350335 ARCO-IRIS;1856;1811;1791;1773;1755
350340 AREALVA;8452;8505;8560;8613;8665
350350 AREIAS;3879;3876;3886;3896;3906
350360 AREIOPOLIS;11107;11099;11129;11158;11186
350370 ARIRANHA;9451;9573;9668;9761;9851
350380 ARTUR NOGUEIRA;51986;53450;54408;55340;56247
350390 ARUJA;86430;88455;89824;91157;92453
350395 ASPASIA;1842;1825;1822;1818;1815
350400 ASSIS;102924;103666;104386;105087;105768
350410 ATIBAIA;139683;141398;142761;144088;145378
350420 AURIFLAMA;15085;15123;15189;15253;15316
350430 AVAI;5337;5369;5403;5436;5467
350440 AVANHANDAVA;13112;13433;13649;13859;14063
350450 AVARE;89479;90063;90655;91232;91792
350460 BADY BASSITT;16843;17236;17502;17761;18013
350470 BALBINOS;5188;5532;5735;5934;6127
350480 BALSAMO;8908;8994;9068;9139;9209
350490 BANANAL;10867;10896;10945;10993;11039
350500 BARAO DE ANTONINA;3406;3441;3469;3498;3525
350510 BARBOSA;7251;7335;7402;7468;7532
350520 BARIRI;34602;34961;35264;35558;35844
350530 BARRA BONITA;36331;36127;36126;36126;36125
350535 BARRA DO CHAPEU;5653;5688;5724;5760;5794
350540 BARRA DO TURVO;7781;7687;7659;7632;7606
350550 BARRETOS;120638;121344;122098;122833;123546
350560 BARRINHA;31921;32434;32812;33180;33537
350570 BARUERI;267534;271306;274182;276982;279704
350580 BASTOS;21073;20954;20953;20953;20952
350590 BATATAIS;61480;62024;62508;62980;63438
350600 BAURU;371690;374272;376818;379297;381706
350610 BEBEDOURO;77761;77436;77496;77555;77612
350620 BENTO DE ABREU;2925;2955;2980;3005;3028
350630 BERNARDINO DE CAMPOS;11180;11137;11148;11158;11168
350635 BERTIOGA;59297;61736;63249;64723;66154
350640 BILAC;7837;7949;8034;8117;8197
350650 BIRIGUI;120692;122359;123638;124883;126094
350660 BIRITIBA-MIRIM;31793;32251;32598;32936;33265
350670 BOA ESPERANCA DO SUL;14727;14824;14923;15018;15111
350680 BOCAINA;12040;12204;12329;12452;12571
350690 BOFETE;11236;11534;11730;11921;12107
350700 BOITUVA;57910;59793;60997;62170;63310
350710 BOM JESUS DOS PERDOES;24023;24898;25448;25985;26506
350715 BOM SUCESSO DE ITARARE;3888;3923;3954;3984;4013
350720 BORA;839;836;837;838;839
350730 BORACEIA;4717;4776;4823;4868;4913
350740 BORBOREMA;15791;15925;16046;16164;16278
350745 BOREBI;2577;2621;2653;2683;2713
350750 BOTUCATU;142546;144820;146497;148130;149718
350760 BRAGANCA PAULISTA;164163;166753;168668;170533;172346
350770 BRAUNA;5557;5630;5686;5741;5795
350775 BREJO ALEGRE;2812;2841;2865;2889;2911
350780 BRODOWSKI;24092;24592;24939;25277;25605
350790 BROTAS;23858;24163;24403;24636;24862
350800 BURI;19737;19789;19878;19965;20050
350810 BURITAMA;16841;17003;17144;17281;17414
350820 BURITIZAL;4408;4447;4481;4514;4547
350830 CABRALIA PAULISTA;4352;4286;4264;4243;4222
350840 CABREUVA;47877;48966;49707;50429;51130
350850 CACAPAVA;92587;93488;94263;95018;95752
350860 CACHOEIRA PAULISTA;32773;33067;33327;33581;33827
350870 CACONDE;19025;18961;18985;19009;19031
350880 CAFELANDIA;17645;17689;17767;17843;17917
350890 CAIABU;4211;4190;4191;4193;4195
350900 CAIEIRAS;98223;100129;101470;102775;104044
350910 CAIUA;5695;5800;5874;5946;6017
350920 CAJAMAR;73921;75638;76801;77934;79034
350925 CAJATI;28870;28605;28549;28494;28441
350930 CAJOBI;10444;10486;10542;10596;10649
350940 CAJURU;25655;25935;26167;26393;26613
350945 CAMPINA DO MONTE ALEGRE;5963;5991;6024;6057;6088
350950 CAMPINAS;1182429;1194094;1204073;1213792;1223237
350960 CAMPO LIMPO PAULISTA;82520;83735;84650;85541;86407
350970 CAMPOS DO JORDAO;51454;51763;52088;52405;52713
350980 CAMPOS NOVOS PAULISTA;4900;4932;4965;4997;5028
350990 CANANEIA;12609;12539;12540;12541;12542
350995 CANAS;4975;5071;5138;5204;5268
351000 CANDIDO MOTA;31263;31212;31280;31346;31410
351010 CANDIDO RODRIGUES;2792;2787;2793;2799;2805
351015 CANITAR;5025;5139;5216;5292;5365
351020 CAPAO BONITO;47463;47159;47138;47118;47098
351030 CAPELA DO ALTO;20005;20419;20706;20985;21257
351040 CAPIVARI;54298;55141;55768;56379;56973
351050 CARAGUATATUBA;116786;119625;121532;123389;125194
351060 CARAPICUIBA;396587;398611;400927;403183;405375
351070 CARDOSO;12328;12303;12326;12349;12371
351080 CASA BRANCA;30144;30237;30380;30520;30655
351090 CASSIA DOS COQUEIROS;2591;2542;2523;2505;2488
351100 CASTILHO;20362;20738;21006;21267;21521
351110 CATANDUVA;120691;121210;121862;122497;123114
351120 CATIGUA;7700;7752;7804;7855;7905
351130 CEDRAL;8971;9125;9237;9346;9452
351140 CERQUEIRA CESAR;19495;19774;19985;20191;20391
351150 CERQUILHO;46733;48074;48949;49802;50631
351160 CESARIO LANGE;17587;17915;18148;18375;18595
351170 CHARQUEADA;16772;17009;17190;17367;17539
351190 CLEMENTINA;8254;8472;8617;8757;8894
351200 COLINA;18376;18398;18468;18535;18601
351210 COLOMBIA;6225;6203;6210;6216;6223
351220 CONCHAL;27554;27820;28050;28273;28491
351230 CONCHAS;17638;17770;17896;18019;18138
351240 CORDEIROPOLIS;23793;24221;24528;24826;25116
351250 COROADOS;5885;5986;6058;6129;6197
351260 CORONEL MACEDO;4840;4728;4681;4635;4591
351270 CORUMBATAI;4054;4047;4055;4064;4072
351280 COSMOPOLIS;69086;70998;72252;73474;74662
351290 COSMORAMA;7374;7316;7307;7298;7289
351300 COTIA;237750;244694;249210;253608;257882
351310 CRAVINHOS;34651;34998;35292;35579;35858
351320 CRISTAIS PAULISTA;8424;8541;8631;8718;8803
351330 CRUZALIA;2161;2100;2073;2046;2021
351340 CRUZEIRO;81724;81895;82238;82571;82895
351350 CUBATAO;128748;129760;130705;131626;132521
351360 CUNHA;21929;21639;21547;21459;21373
351370 DESCALVADO;33346;33520;33718;33910;34097
351380 DIADEMA;417869;420934;423884;426757;429550
351385 DIRCE REIS;1785;1786;1793;1799;1805
351390 DIVINOLANDIA;11384;11208;11146;11086;11027
351400 DOBRADA;8744;8846;8929;9010;9088
351410 DOIS CORREGOS;26891;27112;27315;27512;27704
351420 DOLCINOPOLIS;2136;2119;2115;2112;2108
351430 DOURADO;8909;8868;8873;8878;8883
351440 DRACENA;46324;46536;46793;47043;47287
351450 DUARTINA;12549;12457;12445;12433;12421
351460 DUMONT;9468;9708;9868;10023;10174
351470 ECHAPORA;6247;6141;6102;6064;6026
351480 ELDORADO;15436;15443;15494;15544;15592
351490 ELIAS FAUSTO;17393;17604;17772;17936;18095
351492 ELISIARIO;3537;3604;3651;3697;3742
351495 EMBAUBA;2476;2456;2452;2449;2446
351500 EMBU DAS ARTES;267054;270843;273726;276535;279264
351510 EMBU-GUACU;68270;68856;69385;69901;70402
351512 EMILIANOPOLIS;3197;3202;3214;3227;3238
351515 ENGENHEIRO COELHO;19497;20284;20773;21249;21712
351518 ESPIRITO SANTO DO PINHAL;44170;44186;44330;44471;44607
351519 ESPIRITO SANTO DO TURVO;4713;4779;4829;4878;4926
351520 ESTRELA D'OESTE;8466;8418;8419;8419;8420
351530 ESTRELA DO NORTE;2769;2762;2766;2770;2774
351535 EUCLIDES DA CUNHA PAULISTA;9559;9419;9371;9325;9280
351540 FARTURA;16028;16001;16036;16070;16102
351550 FERNANDOPOLIS;68670;68823;69116;69402;69680
351560 FERNANDO PRESTES;5782;5771;5783;5794;5805
351565 FERNAO;1691;1704;1716;1727;1739
351570 FERRAZ DE VASCONCELOS;188868;191993;194276;196500;198661
351580 FLORA RICA;1571;1499;1464;1430;1397
351590 FLOREAL;2982;2934;2917;2900;2884
351600 FLORIDA PAULISTA;14282;14486;14640;14790;14936
351610 FLORINIA;2758;2699;2676;2653;2631
351620 FRANCA;347237;350400;353187;355901;358539
351630 FRANCISCO MORATO;171602;174008;175844;177633;179372
351640 FRANCO DA ROCHA;149502;152433;154489;156492;158438
351650 GABRIEL MONTEIRO;2791;2776;2776;2776;2776
351660 GALIA;6776;6615;6548;6482;6419
351670 GARCA;44582;44370;44390;44409;44429
351680 GASTAO VIDIGAL;4683;4754;4808;4860;4911
351685 GAVIAO PEIXOTO;4739;4762;4789;4815;4841
351690 GENERAL SALGADO;10951;10876;10869;10862;10855
351700 GETULINA;11362;11370;11409;11447;11485
351710 GLICERIO;4800;4801;4815;4829;4842
351720 GUAICARA;11869;12039;12168;12294;12416
351730 GUAIMBE;5737;5743;5765;5785;5806
351740 GUAIRA;40287;40533;40790;41040;41283
351750 GUAPIACU;20637;21125;21454;21775;22087
351760 GUAPIARA;17640;17293;17157;17025;16896
351770 GUARA;21081;21129;21220;21308;21394
351780 GUARACAI;8466;8357;8323;8290;8258
351790 GUARACI;10964;11088;11188;11287;11382
351800 GUARANI D'OESTE;2017;2002;2000;1998;1996
351810 GUARANTA;6672;6654;6664;6675;6685
351820 GUARARAPES;32654;32774;32939;33100;33257
351830 GUARAREMA;28978;29451;29798;30136;30465
351840 GUARATINGUETA;120417;121073;121798;122505;123192
351850 GUAREI;17551;18143;18520;18887;19244
351860 GUARIBA;39216;39714;40105;40487;40857
351870 GUARUJA;315563;318107;320459;322750;324977
351880 GUARULHOS;1349113;1365899;1379182;1392121;1404694
351885 GUATAPARA;7546;7602;7656;7709;7760
351890 GUZOLANDIA;5179;5226;5267;5307;5346
351900 HERCULANDIA;9397;9462;9526;9588;9649
351905 HOLAMBRA;14012;14579;14930;15272;15605
351907 HORTOLANDIA;222186;227353;230851;234259;237570
351910 IACANGA;11343;11559;11710;11858;12002
351920 IACRI;6434;6348;6321;6295;6269
351925 IARAS;8484;8956;9240;9517;9786
351930 IBATE;34226;34726;35104;35472;35830
351940 IBIRA;12096;12264;12393;12518;12639
351950 IBIRAREMA;7540;7663;7753;7841;7926
351960 IBITINGA;58715;59451;60033;60600;61150
351970 IBIUNA;77566;78262;78878;79479;80062
351980 ICEM;8112;8181;8243;8304;8363
351990 IEPE;8103;8124;8159;8194;8228
352000 IGARACU DO TIETE;24596;24598;24674;24749;24821
352010 IGARAPAVA;30073;30246;30432;30614;30791
352020 IGARATA;9443;9483;9534;9583;9631
352030 IGUAPE;30644;30721;30857;30989;31117
352040 ILHABELA;33354;34333;34970;35591;36194
352042 ILHA COMPRIDA;10656;10965;11166;11362;11552
352044 ILHA SOLTEIRA;26540;26582;26686;26788;26886
352050 INDAIATUBA;239602;246908;251627;256223;260690
352060 INDIANA;4931;4892;4885;4879;4873
352070 INDIAPORA;3951;3908;3897;3886;3876
352080 INUBIA PAULISTA;3933;3963;3991;4019;4045
352090 IPAUSSU;14766;14869;14971;15069;15165
352100 IPERO;34913;36280;37133;37964;38771
352110 IPEUNA;7177;7401;7546;7687;7824
352115 IPIGUA;5178;5306;5392;5476;5557
352120 IPORANGA;4299;4238;4218;4199;4180
352130 IPUA;15932;16209;16409;16604;16794
352140 IRACEMAPOLIS;23264;23846;24235;24614;24982
352150 IRAPUA;7878;7937;7993;8048;8101
352160 IRAPURU;8248;8261;8294;8325;8356
352170 ITABERA;17879;17635;17556;17480;17405
352180 ITAI;26526;26861;27125;27382;27632
352190 ITAJOBI;15246;15226;15262;15297;15331
352200 ITAJU;3703;3782;3835;3887;3937
352210 ITANHAEM;98629;100496;101816;103102;104351
352215 ITAOCA;3341;3326;3328;3330;3332
352220 ITAPECERICA DA SERRA;170927;173672;175693;177662;179574
352230 ITAPETININGA;160070;162231;163901;165526;167106
352240 ITAPEVA;93570;93892;94354;94804;95241
352250 ITAPEVI;229502;234352;237700;240961;244131
352260 ITAPIRA;73844;74299;74773;75234;75683
352265 ITAPIRAPUA PAULISTA;4186;4213;4241;4268;4294
352270 ITAPOLIS;42747;42903;43120;43331;43536
352280 ITAPORANGA;15165;15125;15149;15173;15197
352290 ITAPUI;13618;13833;13992;14147;14297
352300 ITAPURA;4802;4860;4906;4951;4994
352310 ITAQUAQUECETUBA;360657;366519;370821;375011;379082
352320 ITARARE;50379;50360;50503;50642;50778
352330 ITARIRI;17062;17271;17436;17598;17754
352340 ITATIBA;116503;119090;120858;122581;124254
352350 ITATINGA;20158;20467;20697;20921;21139
352360 ITIRAPINA;17589;17922;18157;18387;18610
352370 ITIRAPUA;6405;6453;6499;6543;6587
352380 ITOBI;7853;7830;7841;7852;7862
352390 ITU;170157;172268;173939;175568;177150
352400 ITUPEVA;57031;59649;61252;62813;64330
352410 ITUVERAVA;41414;41598;41824;42045;42259
352420 JABORANDI;6917;6911;6929;6946;6963
352430 JABOTICABAL;76563;76864;77263;77652;78029
352440 JACAREI;229851;231863;233662;235416;237119
352450 JACI;6728;6934;7067;7196;7322
352460 JACUPIRANGA;17900;17842;17866;17889;17911
352470 JAGUARIUNA;54204;56221;57488;58722;59921
352480 JALES;49110;49011;49107;49201;49291
352490 JAMBEIRO;6305;6485;6602;6717;6828
352500 JANDIRA;121492;123481;124937;126356;127734
352510 JARDINOPOLIS;42904;43774;44380;44970;45544
352520 JARINU;28540;29456;30044;30617;31173
352530 JAU;146338;148581;150252;151881;153463
352540 JERIQUARA;3202;3168;3159;3151;3143
352550 JOANOPOLIS;12947;13098;13220;13338;13453
352560 JOAO RAMALHO;4468;4495;4523;4551;4577
352570 JOSE BONIFACIO;36198;36655;37015;37366;37707
352580 JULIO MESQUITA;4733;4752;4776;4800;4824
352585 JUMIRIM;3237;3315;3367;3418;3467
352590 JUNDIAI;409497;414810;418962;423006;426935
352600 JUNQUEIROPOLIS;20353;20524;20679;20831;20978
352610 JUQUIA;19192;18908;18812;18718;18627
352620 JUQUITIBA;31027;31235;31444;31646;31844
352630 LAGOINHA;4943;4903;4896;4889;4882
352640 LARANJAL PAULISTA;27890;28240;28516;28785;29047
352650 LAVINIA;11156;11667;11980;12285;12581
352660 LAVRINHAS;7150;7207;7260;7311;7361
352670 LEME;101184;102412;103391;104346;105273
352680 LENCOIS PAULISTA;67185;67859;68432;68990;69533
352690 LIMEIRA;300911;303682;306114;308482;310783
352700 LINDOIA;7695;7864;7980;8092;8201
352710 LINS;77021;77510;78013;78503;78978
352720 LORENA;87980;88276;88706;89125;89532
352725 LOURDES;2270;2278;2289;2300;2311
352730 LOUVEIRA;45922;47748;48885;49993;51007
352740 LUCELIA;21461;21604;21747;21886;22022
352750 LUCIANOPOLIS;2381;2385;2394;2403;2412
352760 LUIS ANTONIO;14021;14592;14947;15292;15628
352770 LUIZIANIA;5633;5723;5790;5855;5918
352780 LUPERCIO;4573;4571;4584;4596;4608
352790 LUTECIA;2705;2663;2649;2636;2623
352800 MACATUBA;17111;17111;17163;17214;17263
352810 MACAUBAL;8086;8093;8120;8147;8174
352820 MACEDONIA;3736;3704;3698;3692;3686
352830 MAGDA;3185;3136;3119;3102;3086
352840 MAIRINQUE;46567;46852;47150;47441;47723
352850 MAIRIPORA;95601;98374;100179;101937;103645
352860 MANDURI;9714;9780;9846;9910;9972
352870 MARABA PAULISTA;5611;5757;5853;5948;6039
352880 MARACAI;13981;13967;14002;14036;14069
352885 MARAPOAMA;2949;2996;3031;3064;3097
352890 MARIAPOLIS;4087;4077;4084;4091;4098
352900 MARILIA;235234;237130;238882;240590;242249
352910 MARINOPOLIS;2140;2117;2112;2106;2101
352920 MARTINOPOLIS;26123;26289;26461;26628;26791
352930 MATAO;82307;82702;83170;83626;84069
352940 MAUA;462005;468148;472912;477552;481725
352950 MENDONCA;5302;5413;5490;5565;5638
352960 MERIDIANO;3892;3848;3836;3824;3813
352965 MESOPOLIS;1926;1910;1908;1905;1903
352970 MIGUELOPOLIS;21973;22093;22226;22355;22480
352980 MINEIROS DO TIETE;12812;12849;12908;12966;13023
352990 MIRACATU;20288;19919;19779;19643;19511
353000 MIRA ESTRELA;3045;3066;3086;3106;3125
353010 MIRANDOPOLIS;29315;29418;29564;29706;29844
353020 MIRANTE DO PARANAPANEMA;18130;18178;18259;18338;18415
353030 MIRASSOL;58760;59333;59824;60303;60768
353040 MIRASSOLANDIA;4758;4822;4871;4919;4966
353050 MOCOCA;68994;68788;68885;68980;69072
353060 MOGI DAS CRUZES;433901;440769;445842;450785;455587
353070 MOGI GUACU;149396;150713;151888;153033;154146
353080 MOGI MIRIM;92365;92715;93189;93650;94098
353090 MOMBUCA;3470;3478;3493;3508;3523
353100 MONCOES;2249;2252;2259;2267;2274
353110 MONGAGUA;54257;55731;56702;57648;58567
353120 MONTE ALEGRE DO SUL;7871;7964;8038;8111;8181
353130 MONTE ALTO;49979;50216;50498;50772;51039
353140 MONTE APRAZIVEL;24393;24794;25087;25373;25651
353150 MONTE AZUL PAULISTA;19234;19050;19008;18968;18928
353160 MONTE CASTELO;4190;4166;4166;4166;4166
353170 MONTEIRO LOBATO;4549;4608;4653;4696;4739
353180 MONTE MOR;57240;58765;59772;60754;61707
353190 MORRO AGUDO;32220;32641;32968;33288;33598
353200 MORUNGABA;13232;13458;13622;13781;13936
353205 MOTUCA;4676;4720;4758;4795;4831
353210 MURUTINGA DO SUL;4453;4466;4486;4506;4525
353215 NANTES;3049;3103;3141;3179;3215
353220 NARANDIBA;4746;4809;4857;4904;4950
353230 NATIVIDADE DA SERRA;6754;6681;6661;6642;6624
353240 NAZARE PAULISTA;18121;18346;18524;18698;18866
353250 NEVES PAULISTA;8999;8936;8930;8923;8917
353260 NHANDEARA;11398;11427;11478;11527;11575
353270 NIPOA;4994;5126;5213;5298;5381
353280 NOVA ALIANCA;6733;6875;6973;7068;7161
353282 NOVA CAMPINA;9504;9647;9755;9860;9962
353284 NOVA CANAA PAULISTA;1978;1911;1881;1852;1824
353286 NOVA CASTILHO;1239;1255;1267;1278;1290
353290 NOVA EUROPA;10755;11013;11186;11355;11519
353300 NOVA GRANADA;21071;21307;21500;21689;21871
353310 NOVA GUATAPORANGA;2304;2308;2316;2325;2333
353320 NOVA INDEPENDENCIA;3745;3883;3969;4053;4135
353325 NOVAIS;5527;5712;5830;5945;6057
353330 NOVA LUZITANIA;3953;4041;4101;4160;4217
353340 NOVA ODESSA;58227;59371;60174;60956;61716
353350 NOVO HORIZONTE;40225;40680;41052;41414;41765
353360 NUPORANGA;7341;7386;7432;7478;7522
353370 OCAUCU;4308;4287;4289;4291;4294
353380 OLEO;2583;2522;2496;2471;2447
353390 OLIMPIA;54037;54406;54772;55130;55477
353400 ONDA VERDE;4286;4339;4381;4422;4462
353410 ORIENTE;6473;6487;6515;6542;6569
353420 ORINDIUVA;6731;6935;7066;7194;7318
353430 ORLANDIA;43306;43687;44028;44360;44682
353440 OSASCO;697886;696850;698418;699944;701428
353450 OSCAR BRESSANE;2616;2602;2603;2603;2603
353460 OSVALDO CRUZ;32709;32754;32879;33000;33118
353470 OURINHOS;111813;112711;113542;114352;115139
353475 OUROESTE;9897;10177;10361;10539;10712
353480 OURO VERDE;8440;8503;8562;8620;8676
353490 PACAEMBU;14086;14130;14197;14263;14326
353500 PALESTINA;12542;12786;12957;13123;13285
353510 PALMARES PAULISTA;12730;13058;13275;13486;13691
353520 PALMEIRA D'OESTE;9496;9340;9283;9227;9173
353530 PALMITAL;22196;22168;22221;22272;22322
353540 PANORAMA;15619;15690;15777;15862;15944
353550 PARAGUACU PAULISTA;45255;45455;45703;45945;46180
353560 PARAIBUNA;18206;18180;18222;18263;18302
353570 PARAISO;6369;6411;6454;6496;6536
353580 PARANAPANEMA;19730;19993;20197;20395;20588
353590 PARANAPUA;4051;4061;4078;4095;4112
353600 PARAPUA;11073;10980;10964;10949;10934
353610 PARDINHO;6259;6360;6435;6508;6579
353620 PARIQUERA-ACU;19537;19570;19648;19723;19797
353625 PARISI;2150;2153;2161;2169;2177
353630 PATROCINIO PAULISTA;14351;14529;14670;14807;14941
353640 PAULICEIA;7147;7274;7366;7454;7540
353650 PAULINIA;102499;106776;109424;112003;114508
353657 PAULISTANIA;1841;1832;1833;1834;1835
353660 PAULO DE FARIA;8953;8930;8945;8959;8973
353670 PEDERNEIRAS;45708;46251;46687;47111;47523
353680 PEDRA BELA;6078;6075;6093;6110;6127
353690 PEDRANOPOLIS;2547;2508;2494;2481;2468
353700 PEDREGULHO;16645;16676;16744;16811;16876
353710 PEDREIRA;46598;47361;47919;48463;48992
353715 PEDRINHAS PAULISTA;3087;3085;3093;3101;3109
353720 PEDRO DE TOLEDO;11136;11240;11331;11421;11507
353730 PENAPOLIS;62738;63047;63407;63757;64098
353740 PEREIRA BARRETO;25790;25660;25669;25677;25685
353750 PEREIRAS;8410;8560;8668;8773;8875
353760 PERUIBE;66572;67548;68284;69001;69697
353770 PIACATU;5846;5922;5980;6038;6093
353780 PIEDADE;55092;55149;55348;55542;55731
353790 PILAR DO SUL;28718;28963;29185;29402;29612
353800 PINDAMONHANGABA;164000;166475;168328;170132;171885
353810 PINDORAMA;16656;16877;17049;17216;17378
353820 PINHALZINHO;14763;15021;15207;15388;15564
353830 PIQUEROBI;3693;3685;3692;3699;3706
353850 PIQUETE;13976;13742;13657;13575;13495
353860 PIRACAIA;26991;27140;27303;27462;27617
353870 PIRACICABA;397322;400949;404142;407252;410275
353880 PIRAJU;29790;29741;29806;29869;29930
353890 PIRAJUI;24973;25259;25492;25719;25939
353900 PIRANGI;11323;11362;11417;11471;11524
353910 PIRAPORA DO BOM JESUS;18174;18604;18895;19178;19453
353920 PIRAPOZINHO;27021;27295;27527;27754;27974
353930 PIRASSUNUNGA;75474;75930;76409;76877;77330
353940 PIRATININGA;13335;13503;13636;13765;13890
353950 PITANGUEIRAS;38889;39349;39719;40080;40430
353960 PLANALTO;5067;5167;5237;5304;5370
353970 PLATINA;3488;3521;3550;3578;3606
353980 POA;115488;116530;117452;118349;119221
353990 POLONI;5935;6004;6059;6113;6166
354000 POMPEIA;21674;21851;22014;22172;22326
354010 PONGAI;3480;3432;3416;3400;3385
354020 PONTAL;47638;49047;49961;50852;51717
354025 PONTALINDA;4519;4580;4628;4674;4719
354030 PONTES GESTAL;2594;2577;2577;2577;2576
354040 POPULINA;4240;4186;4169;4152;4136
354050 PORANGABA;9565;9779;9925;10067;10205
354060 PORTO FELIZ;52507;52785;53098;53402;53698
354070 PORTO FERREIRA;55432;55787;56150;56504;56848
354075 POTIM;23360;24143;24643;25130;25603
354080 POTIRENDABA;17002;17201;17361;17516;17668
354085 PRACINHA;3768;3971;4093;4212;4327
354090 PRADOPOLIS;20516;21110;21496;21873;22239
354100 PRAIA GRANDE;310024;319146;325073;330845;336454
354105 PRATANIA;5126;5204;5261;5317;5371
354110 PRESIDENTE ALVES;4155;4108;4094;4080;4067
354120 PRESIDENTE BERNARDES;13420;13190;13106;13023;12943
354130 PRESIDENTE EPITACIO;43897;44006;44200;44389;44572
354140 PRESIDENTE PRUDENTE;225271;227072;228743;230371;231953
354150 PRESIDENTE VENCESLAU;39544;39448;39516;39583;39648
354160 PROMISSAO;39506;40027;40432;40828;41211
354165 QUADRA;3680;3753;3804;3854;3902
354170 QUATA;13893;14006;14109;14210;14309
354180 QUEIROZ;3267;3351;3406;3460;3513
354190 QUELUZ;12949;13228;13420;13606;13788
354200 QUINTANA;6530;6587;6638;6688;6736
354210 RAFARD;9054;9050;9076;9101;9126
354220 RANCHARIA;29821;29688;29707;29726;29743
354230 REDENCAO DA SERRA;3908;3863;3851;3839;3827
354240 REGENTE FEIJO;19985;20124;20261;20394;20523
354250 REGINOPOLIS;9042;9399;9621;9837;10047
354260 REGISTRO;56430;56249;56322;56393;56463
354270 RESTINGA;7384;7504;7593;7679;7762
354280 RIBEIRA;3390;3351;3340;3330;3320
354290 RIBEIRAO BONITO;13060;13137;13219;13299;13376
354300 RIBEIRAO BRANCO;17220;16684;16444;16211;15984
354310 RIBEIRAO CORRENTE;4644;4682;4718;4752;4786
354320 RIBEIRAO DO SUL;4571;4542;4541;4539;4537
354323 RIBEIRAO DOS INDIOS;2243;2227;2225;2224;2222
354325 RIBEIRAO GRANDE;7697;7666;7673;7679;7686
354330 RIBEIRAO PIRES;121848;122607;123393;124159;125238
354340 RIBEIRAO PRETO;682302;694534;703293;711825;720116
354350 RIVERSUL;5792;5607;5524;5443;5364
354360 RIFAINA;3618;3618;3629;3640;3651
354370 RINCAO;10823;10786;10799;10812;10824
354380 RINOPOLIS;10098;10003;9981;9961;9940
354390 RIO CLARO;202952;204797;206424;208008;209548
354400 RIO DAS PEDRAS;33935;34704;35228;35738;36233
354410 RIO GRANDE DA SERRA;49408;50241;50846;51436;52009
354420 RIOLANDIA;12086;12342;12518;12689;12856
354425 ROSANA;17795;17015;16643;16281;15929
354430 ROSEIRA;10512;10621;10712;10801;10888
354440 RUBIACEA;3046;3093;3128;3162;3195
354450 RUBINEIA;3102;3125;3148;3170;3191
354460 SABINO;5549;5564;5590;5614;5638
354470 SAGRES;2453;2435;2432;2430;2427
354480 SALES;6144;6253;6331;6407;6481
354490 SALES OLIVEIRA;11641;11779;11890;11998;12103
354500 SALESOPOLIS;16903;17022;17139;17252;17363
354510 SALMOURAO;5222;5262;5300;5337;5372
354515 SALTINHO;8019;8176;8286;8393;8498
354520 SALTO;116191;117561;118663;119736;120779
354530 SALTO DE PIRAPORA;44397;44972;45422;45860;46285
354540 SALTO GRANDE;9287;9297;9331;9364;9396
354550 SANDOVALINA;4174;4248;4302;4354;4405
354560 SANTA ADELIA;15331;15397;15480;15561;15639
354570 SANTA ALBERTINA;5999;5993;6008;6022;6036
354580 SANTA BARBARA D'OESTE;191889;192536;193475;194390;195278
354600 SANTA BRANCA;14667;14717;14788;14857;14925
354610 SANTA CLARA D'OESTE;2134;2118;2115;2113;2111
354620 SANTA CRUZ DA CONCEICAO;4409;4461;4503;4544;4584
354625 SANTA CRUZ DA ESPERANCA;2110;2124;2139;2153;2166
354630 SANTA CRUZ DAS PALMEIRAS;33455;33975;34361;34737;35102
354640 SANTA CRUZ DO RIO PARDO;47148;47395;47673;47943;48207
354650 SANTA ERNESTINA;5662;5611;5599;5588;5577
354660 SANTA FE DO SUL;31802;32076;32322;32563;32796
354670 SANTA GERTRUDES;25637;26403;26898;27381;27850
354680 SANTA ISABEL;56014;56792;57386;57966;58529
354690 SANTA LUCIA;8758;8779;8817;8854;8889
354700 SANTA MARIA DA SERRA;6021;6107;6173;6236;6298
354710 SANTA MERCEDES;2945;2935;2939;2943;2947
354720 SANTANA DA PONTE PENSA;1555;1507;1487;1467;1448
354730 SANTANA DE PARNAIBA;131887;136517;139447;142301;145073
354740 SANTA RITA D'OESTE;2544;2510;2498;2487;2476
354750 SANTA RITA DO PASSA QUATRO;27590;27514;27557;27600;27641
354760 SANTA ROSA DE VITERBO;26067;26322;26540;26753;26960
354765 SANTA SALETE;1536;1539;1545;1552;1558
354770 SANTO ANASTACIO;21030;20889;20878;20866;20855
354780 SANTO ANDRE;715231;716109;718773;721368;723889
354790 SANTO ANTONIO DA ALEGRIA;6829;6880;6929;6977;7024
354800 SANTO ANTONIO DE POSSE;22801;23085;23310;23529;23742
354805 SANTO ANTONIO DO ARACANGUA;8285;8356;8420;8481;8541
354810 SANTO ANTONIO DO JARDIM;6029;5968;5954;5940;5926
354820 SANTO ANTONIO DO PINHAL;6800;6794;6811;6827;6843
354830 SANTO EXPEDITO;3057;3086;3111;3135;3159
354840 SANTOPOLIS DO AGUAPEI;4687;4736;4777;4817;4856
354850 SANTOS;434742;432957;433311;433656;433991
354860 SAO BENTO DO SAPUCAI;10895;10862;10878;10893;10907
354870 SAO BERNARDO DO CAMPO;827437;833240;838936;844483;849874
354880 SAO CAETANO DO SUL;159608;160275;161127;161957;162763
354890 SAO CARLOS;246088;249415;251983;254484;256915
354900 SAO FRANCISCO;2850;2826;2821;2817;2813
354910 SAO JOAO DA BOA VISTA;90089;90637;91211;91771;92315
354920 SAO JOAO DAS DUAS PONTES;2601;2574;2568;2561;2555
354925 SAO JOAO DE IRACEMA;1904;1912;1922;1932;1942
354930 SAO JOAO DO PAU D'ALHO;2132;2111;2105;2100;2095
354940 SAO JOAQUIM DA BARRA;50921;51447;51888;52319;52737
354950 SAO JOSE DA BELA VISTA;8885;8895;8928;8960;8991
354960 SAO JOSE DO BARREIRO;4181;4151;4147;4144;4141
354970 SAO JOSE DO RIO PARDO;54734;54763;54946;55124;55298
354980 SAO JOSE DO RIO PRETO;450657;456245;460671;464983;469173
354990 SAO JOSE DOS CAMPOS;703219;713943;721944;729737;737310
354995 SAO LOURENCO DA SERRA;15465;15667;15825;15978;16127
355000 SAO LUIS DO PARAITINGA;10740;10684;10687;10690;10693
355010 SAO MANUEL;40692;40781;40954;41123;41287
355020 SAO MIGUEL ARCANJO;32910;32859;32931;33002;33071
355030 SAO PAULO;12106920;12176866;12252023;12325232;12396372
355040 SAO PEDRO;34898;35318;35653;35980;36298
355050 SAO PEDRO DO TURVO;7624;7636;7666;7696;7724
355060 SAO ROQUE;88473;89943;91016;92060;93076
355070 SAO SEBASTIAO;85538;87596;88980;90328;91637
355080 SAO SEBASTIAO DA GRAMA;12317;12205;12182;12159;12137
355090 SAO SIMAO;15225;15257;15322;15385;15446
355100 SAO VICENTE;360380;363173;365798;368355;370839
355110 SARAPUI;10034;10177;10285;10390;10493
355120 SARUTAIA;3681;3646;3638;3630;3623
355130 SEBASTIANOPOLIS DO SUL;3411;3470;3513;3554;3595
355140 SERRA AZUL;13810;14334;14662;14981;15292
355150 SERRANA;43790;44555;45107;45644;46166
355160 SERRA NEGRA;28742;29001;29229;29452;29669
355170 SERTAOZINHO;122643;124453;125815;127142;128432
355180 SETE BARRAS;13053;12884;12832;12780;12731
355190 SEVERINIA;17115;17328;17496;17661;17820
355200 SILVEIRAS;6228;6264;6302;6339;6375
355210 SOCORRO;40220;40648;41005;41352;41690
355220 SOROCABA;659871;671186;679378;687357;695328
355230 SUD MENNUCCI;7733;7708;7718;7728;7738
355240 SUMARE;273007;278571;282441;286211;289875
355250 SUZANO;290769;294638;297637;300559;303397
355255 SUZANAPOLIS;3836;3911;3963;4014;4063
355260 TABAPUA;12251;12328;12407;12485;12561
355270 TABATINGA;16159;16345;16496;16644;16787
355280 TABOAO DA SERRA;279634;285570;289664;293652;297528
355290 TACIBA;6193;6240;6285;6329;6371
355300 TAGUAI;13111;13569;13859;14141;14415
355310 TAIACU;6255;6268;6295;6320;6346
355320 TAIUVA;5603;5568;5566;5564;5562
355330 TAMBAU;23267;23182;23207;23232;23255
355340 TANABI;25723;25830;25967;26101;26231
355350 TAPIRAI;7973;7850;7807;7766;7725
355360 TAPIRATIBA;13062;12970;12960;12950;12940
355365 TAQUARAL;2823;2810;2811;2813;2815
355370 TAQUARITINGA;56951;56984;57177;57364;57547
355380 TAQUARITUBA;23240;23180;23218;23256;23292
355385 TAQUARIVAI;5715;5792;5852;5911;5968
355390 TARABAI;7302;7395;7468;7540;7609
355395 TARUMA;14547;14812;15000;15183;15361
355400 TATUI;118939;120533;121766;122967;124134
355410 TAUBATE;307953;311854;314924;317915;320820
355420 TEJUPA;4677;4574;4532;4491;4452
355430 TEODORO SAMPAIO;22914;23019;23148;23273;23395
355440 TERRA ROXA;9227;9302;9370;9437;9502
355450 TIETE;41022;41622;42076;42517;42946
355460 TIMBURI;2690;2663;2658;2652;2647
355465 TORRE DE PEDRA;2395;2401;2412;2422;2432
355470 TORRINHA;9934;9963;10010;10056;10100
355475 TRABIJU;1691;1709;1724;1738;1752
355480 TREMEMBE;45904;46642;47185;47714;48228
355490 TRES FRONTEIRAS;5767;5781;5807;5832;5856
355495 TUIUTI;6689;6808;6894;6977;7058
355500 TUPA;65758;65477;65524;65570;65615
355510 TUPI PAULISTA;15321;15404;15495;15583;15670
355520 TURIUBA;2016;2012;2016;2020;2024
355530 TURMALINA;1827;1759;1727;1696;1667
355535 UBARANA;6080;6216;6309;6400;6488
355540 UBATUBA;88313;89747;90799;91824;92819
355550 UBIRAJARA;4734;4754;4780;4804;4828
355560 UCHOA;10047;10068;10110;10151;10191
355570 UNIAO PAULISTA;1793;1823;1844;1865;1886
355580 URANIA;9148;9108;9114;9120;9125
355590 URU;1207;1177;1165;1153;1142
355600 URUPES;13655;13727;13809;13888;13965
355610 VALENTIM GENTIL;12800;13115;13326;13532;13732
355620 VALINHOS;124024;127123;129193;131210;133169
355630 VALPARAISO;25632;26130;26480;26822;27154
355635 VARGEM;10143;10378;10537;10692;10842
355640 VARGEM GRANDE DO SUL;42310;42573;42845;43110;43368
355645 VARGEM GRANDE PAULISTA;50346;51702;52597;53468;54315
355650 VARZEA PAULISTA;118917;120572;121838;123071;124269
355660 VERA CRUZ;10963;10864;10843;10823;10804
355670 VINHEDO;75129;77308;78728;80111;81516
355680 VIRADOURO;18654;18775;18898;19017;19133
355690 VISTA ALEGRE DO ALTO;8335;8626;8810;8989;9163
355695 VITORIA BRASIL;1833;1834;1840;1846;1852
355700 VOTORANTIM;119898;121331;122480;123599;124468
355710 VOTUPORANGA;92768;93736;94547;95338;96106
355715 ZACARIAS;2636;2684;2718;2752;2784
355720 CHAVANTES;12487;12418;12418;12418;12418
355730 ESTIVA GERBI;11067;11198;11304;11407;11507
Total;45094866;45538936;45919049;46289333;46649132
 ;;;;;
